"","X10_p53_KO1","X15_p53_KO1","X25_p53_KO1","X30_p53_KO1","X40_p53_KO1","X50_p53_KO1","X57_p53_KO1","replicateID","rxFrac"
"a",0.0691056910569106,0.0213004484304933,0.0373563218390805,0.216852540272615,0.341743119266055,0.628968253968254,0.667571234735414,1,1
"b",0.930894308943089,0.978699551569507,0.96264367816092,0.783147459727385,0.658256880733945,0.371031746031746,0.332428765264586,1,1
