"","X20_p53_KO2","X30_p53_KO2","X35_p53_KO2","X40_p53_KO2","X45_p53_KO2","X50_p53_KO2","X55_p53_KO2","replicateID","rxFrac"
"a",0.0503731343283582,0.0659945004582951,0.116417910447761,0.146900269541779,0.170189098998888,0.170310701956272,0.101571946795647,1,1
"b",0.949626865671642,0.934005499541705,0.883582089552239,0.853099730458221,0.829810901001112,0.829689298043728,0.898428053204353,1,1
