"","X5_TNBC.SA535.UnRx","X6_TNBC.SA535.UnRx","X7_TNBC.SA535.UnRx","X8_TNBC.SA535.UnRx","X9_TNBC.SA535.UnRx","replicateID","rxFrac"
"a",0.896694214876033,0.775700934579439,0.807174887892377,0.357377049180328,0.0606060606060606,2,0
"b",0.0991735537190083,0.221183800623053,0.183856502242152,0.632786885245902,0.934343434343434,2,0
"c",0.00413223140495868,0.00311526479750779,0.00896860986547085,0.00983606557377049,0.00505050505050505,2,0
