"","X5_TNBC.SA535.UnRx","X6_TNBC.SA535.Rx","X7_TNBC.SA535.Holiday","replicateID","rxFrac"
"a",0.896694214876033,0.175847457627119,0.00189035916824197,3,0.333333333333333
"b",0.0991735537190083,0.813559322033898,0.994328922495274,3,0.333333333333333
"c",0.00413223140495868,0.0105932203389831,0.00378071833648393,3,0.333333333333333
