"","X5_TNBC.SA535.UnRx","X6_TNBC.SA535.Rx","X7_TNBC.SA535.Rx","X8_TNBC.SA535.Rx","X9_TNBC.SA535.Holiday","replicateID","rxFrac"
"a",0.896694214876033,0.175847457627119,0.990740740740741,0.805825242718447,0.556313993174061,5,0.6
"b",0.0991735537190083,0.813559322033898,0.00617283950617284,0.192233009708738,0.440273037542662,5,0.6
"c",0.00413223140495868,0.0105932203389831,0.00308641975308642,0.00194174757281553,0.00341296928327645,5,0.6
